Unnamed: 0,_unit_id,relevance,relevance:variance,product_image,product_link,product_price,product_title,query,rank,source,url,product_description
0,711158459,3.67,0.47100000000000003,http://thumbs2.ebaystatic.com/d/l225/m/mzvzEUIknaQclZ801YCY1ew.jpg,http://www.ebay.com/itm/Sony-PlayStation-4-PS4-Latest-Model-500-GB-Jet-Black-Console-/321459436277?pt=LH_DefaultDomain_0&hash=item4ad879baf5,$329.98 ,Sony PlayStation 4 (PS4) (Latest Model)- 500 GB Jet Black Console,playstation 4,1,eBay,http://www.ebay.com/sch/i.html?_from=R40&_trksid=p2050601.m570.l1313.TR11.TRC1.A0.H0.Xplant.TRS0&_nkw=playstation%204,"The PlayStation 4 system opens the door to an incredible journey through immersive new gaming worlds and a deeply connected gaming community. Step into living, breathing worlds where you are hero of your epic journey. Explore gritty urban environments, vast galactic landscapes, and fantastic historical settings brought to life on an epic scale, without limits. With an astounding launch lineup and over 180 games in development the PS4 system offers more top-tier blockbusters and inventive indie hits than any other next-gen console. The PS4 system is developer inspired, gamer focused. The PS4 system learns how you play and intuitively curates the content you use most often. Fire it up, and your PS4 system points the way to new, amazing experiences you can jump into alone or with friends. Create your own legend using a sophisticated, intuitive network built for gamers. Broadcast your gameplay live and direct to the world, complete with your commentary. Or immortalize your most epic moments and share at the press of a button. Access the best in music, movies, sports and television. PS4 system doesn t require a membership fee to access your digital entertainment subscriptions. You get the full spectrum of entertainment that matters to you on the PS4 system. PlayStation 4: The Best Place to Play The PlayStation 4 system provides dynamic, connected gaming, powerful graphics and speed, intelligent personalization, deeply integrated social capabilities, and innovative second-screen features. Combining unparalleled content, immersive gaming experiences, all of your favorite digital entertainment apps, and PlayStation exclusives, the PS4 system focuses on the gamers.Gamer Focused, Developer InspiredThe PS4 system focuses on the gamer, ensuring that the very best games and the most immersive experiences are possible on the platform.<br>Read more about the PS4 on ebay guides.</br>"
1,711158460,4.0,0.0,http://thumbs3.ebaystatic.com/d/l225/m/mJNDmSyIS3vUasKIJEBy4Cw.jpg,http://www.ebay.com/itm/Sony-PlayStation-4-Latest-Model-500-GB-Jet-Black-Console-/131467224962?pt=LH_DefaultDomain_0&hash=item1e9c0ea782,$324.84 ,Sony PlayStation 4 (Latest Model)- 500 GB Jet Black Console,playstation 4,2,eBay,http://www.ebay.com/sch/i.html?_from=R40&_trksid=p2050601.m570.l1313.TR11.TRC1.A0.H0.Xplant.TRS0&_nkw=playstation%204,"The PlayStation 4 system opens the door to an incredible journey through immersive new gaming worlds and a deeply connected gaming community. Step into living, breathing worlds where you are hero of your epic journey. Explore gritty urban environments, vast galactic landscapes, and fantastic historical settings brought to life on an epic scale, without limits. With an astounding launch lineup and over 180 games in development the PS4 system offers more top-tier blockbusters and inventive indie hits than any other next-gen console. The PS4 system is developer inspired, gamer focused. The PS4 system learns how you play and intuitively curates the content you use most often. Fire it up, and your PS4 system points the way to new, amazing experiences you can jump into alone or with friends. Create your own legend using a sophisticated, intuitive network built for gamers. Broadcast your gameplay live and direct to the world, complete with your commentary. Or immortalize your most epic moments and share at the press of a button. Access the best in music, movies, sports and television. PS4 system doesn t require a membership fee to access your digital entertainment subscriptions. You get the full spectrum of entertainment that matters to you on the PS4 system. PlayStation 4: The Best Place to Play The PlayStation 4 system provides dynamic, connected gaming, powerful graphics and speed, intelligent personalization, deeply integrated social capabilities, and innovative second-screen features. Combining unparalleled content, immersive gaming experiences, all of your favorite digital entertainment apps, and PlayStation exclusives, the PS4 system focuses on the gamers.Gamer Focused, Developer InspiredThe PS4 system focuses on the gamer, ensuring that the very best games and the most immersive experiences are possible on the platform.<br>Read more about the PS4 on ebay guides.</br>"
25,711158484,4.0,0.0,http://thumbs2.ebaystatic.com/d/l225/m/mrraWCpvP5YKk5rYgotVDLg.jpg,http://www.ebay.com/itm/NEW-Clinique-Repairwear-Laser-Focus-Wrinkle-Correcting-Eye-Cream-5ml-/141015736665?pt=LH_DefaultDomain_0&hash=item20d5316159,$8.99 ,NEW! Clinique Repairwear Laser Focus Wrinkle Correcting Eye Cream  5ml,eye cream,1,eBay,http://www.ebay.com/sch/i.html?_from=R40&_trksid=p2050601.m570.l1313.TR11.TRC1.A0.H0.Xplant.TRS0&_nkw=eye%20cream,
26,711158485,3.4,0.8,http://thumbs1.ebaystatic.com/d/l225/m/mJ4ekz6_bDT5G7wYtjM-qRg.jpg,http://www.ebay.com/itm/Obagi-Elastiderm-Eye-Treatment-Cream-0-5-oz-15g-Authentic-NiB-Sealed-5-/121451624128?pt=LH_DefaultDomain_0&hash=item1c4714b6c0,$49.72 ,Obagi Elastiderm Eye Treatment Cream 0.5 oz / 15g Authentic NiB Sealed [5],eye cream,2,eBay,http://www.ebay.com/sch/i.html?_from=R40&_trksid=p2050601.m570.l1313.TR11.TRC1.A0.H0.Xplant.TRS0&_nkw=eye%20cream,
50,711158509,4.0,0.0,http://thumbs3.ebaystatic.com/d/l225/m/mdSBH9ROXRn3TBb8OFDT6jA.jpg,http://www.ebay.com/itm/D-Link-DIR-615-300Mbps-Wireless-N-Router-4-Port-w-Firewall-/221417068842?pt=LH_DefaultDomain_0&hash=item338d7c592a,$17.95 ,D-Link DIR-615 300Mbps Wireless-N Router 4-Port w/Firewall,routers,1,eBay,http://www.ebay.com/sch/i.html?_from=R40&_trksid=p2050601.m570.l1313.TR11.TRC1.A0.H0.Xplant.TRS0&_nkw=routers,
51,711158510,3.0,1.4140000000000001,http://thumbs1.ebaystatic.com/d/l225/m/mozWd2SBskbDBlWAKsMlVew.jpg,http://www.ebay.com/itm/Triton-MOF001-2-1-4hp-dual-mode-precision-Router-New-3-day-auction-/321735833636?pt=LH_DefaultDomain_0&hash=item4ae8f33824,$180.50 ,Triton MOF001 2 1/4hp dual mode precision Router. New!! *3 day auction*,routers,2,eBay,http://www.ebay.com/sch/i.html?_from=R40&_trksid=p2050601.m570.l1313.TR11.TRC1.A0.H0.Xplant.TRS0&_nkw=routers,
75,711158534,3.33,0.47100000000000003,http://thumbs3.ebaystatic.com/d/l225/m/mzKKlCxbADObevcgoNjbXRg.jpg,http://www.ebay.com/itm/Panasonic-ES-LA63-Cordless-Rechargeable-Mens-Electric-Shaver-/201337911294?pt=LH_DefaultDomain_0&hash=item2ee0acb7fe,"$45.00
Trending at
$72.00",Panasonic ES-LA63 Cordless Rechargeable  Men's Electric Shaver,shaver panasonic,1,eBay,http://www.ebay.com/sch/i.html?_from=R40&_trksid=p2050601.m570.l1313.TR11.TRC1.A0.H0.Xplant.TRS0&_nkw=shaver%20panasonic,
76,711158535,2.8,1.166,http://thumbs4.ebaystatic.com/d/l225/m/mt34Y-u0okj-SqQm8Ng_rbQ.jpg,http://www.ebay.com/itm/Panasonic-ARC-5-Best-Mens-Shaver-/111651584739?pt=LH_DefaultDomain_0&hash=item19fef3fae3,$127.50 ,Panasonic ARC 5 Best Mens Shaver,shaver panasonic,2,eBay,http://www.ebay.com/sch/i.html?_from=R40&_trksid=p2050601.m570.l1313.TR11.TRC1.A0.H0.Xplant.TRS0&_nkw=shaver%20panasonic,
100,711158559,4.0,0.0,http://thumbs4.ebaystatic.com/d/l225/m/mdjbD7YFR6JRq-pkeajhK7w.jpg,http://www.ebay.com/itm/Baratza-Solis-Maestro-Conical-Burr-Coffee-Bean-Grinder-Works-Great-Nice-Cond-/201336065439?pt=LH_DefaultDomain_0&hash=item2ee0908d9f,$43.00 ,Baratza Solis Maestro Conical Burr Coffee Bean Grinder Works Great Nice Cond,coffee grinder,1,eBay,http://www.ebay.com/sch/i.html?_from=R40&_trksid=p2050601.m570.l1313.TR11.TRC1.A0.H0.Xplant.TRS0&_nkw=coffee%20grinder,
101,711158560,3.67,0.47100000000000003,http://thumbs4.ebaystatic.com/d/l225/m/mtXoRn5Ytmqz0GLHYmBUxpA.jpg,http://www.ebay.com/itm/Proctor-Silex-Fresh-Grind-Electric-Coffee-Bean-Grinder-White-/111585976635?pt=LH_DefaultDomain_0&hash=item19fb0ae13b,$14.89 ,Proctor Silex Fresh Grind Electric Coffee Bean Grinder White,coffee grinder,2,eBay,http://www.ebay.com/sch/i.html?_from=R40&_trksid=p2050601.m570.l1313.TR11.TRC1.A0.H0.Xplant.TRS0&_nkw=coffee%20grinder,
125,711158584,4.0,0.0,http://thumbs1.ebaystatic.com/d/l225/m/m6zsqY6Bcw0LHNOYajOjlxA.jpg,http://www.ebay.com/itm/BRAND-NEW-Graco-TableFit-Highchair-with-Three-Reclining-Options-Finley-/300910319756?pt=LH_DefaultDomain_0&hash=item460fa7188c,$76.39 ,BRAND NEW! Graco TableFit Highchair with Three Reclining Options (Finley),high chairs,1,eBay,http://www.ebay.com/sch/i.html?_from=R40&_trksid=p2050601.m570.l1313.TR11.TRC1.A0.H0.Xplant.TRS0&_nkw=high%20chairs,"eBay item number:300910319756


	Seller assumes all responsibility for this listing.
	
		Last updated on
		&nbsp;May 03, 2015 22:42:28 PDT&nbsp;
		View all revisions
		
	

		
			
					<strong>Item specifics</strong>
					<table>
						
						<tr>
									<td>
									 			Condition:</td>
											 
											<td>
												
																	
															
															
															
																New: A brand-new, unused, unopened, undamaged item in its original packaging (where packaging is 
																
																			applicable). Packaging should be the same as what is found in a retail store, unless the item is handmade or was packaged by the manufacturer in non-retail packaging, such as an unprinted box or plastic bag. See the seller's listing for full details.
																					See all condition definitions<strong>- opens in a new window or tab</strong>
																			
																		
																		
																		
																			... Read more<strong>about the condition</strong>	
																		
																	
															
														
													</td>
										<td>
									 			Brand: </td>
											 
											<td>
												<strong>Graco</strong></td>
										</tr>
							<tr>
									<td>
									 			Model: </td>
											 
											<td>
												<strong>1852647</strong></td>
										<td>
									 			Color: </td>
											 
											<td>
												<strong>Finley</strong></td>
										</tr>
							<tr>
									<td>
									 			MPN: </td>
											 
											<td>
												<strong>1852647</strong></td>
										<td>
									 			UPC: </td>
											 
											<td>
												<strong>047406119936</strong></td>
										</tr>
							
							</table>
						
					
			
	
					
						
							
								
									<strong>easybuy-fastship</strong>
									
         easybuy-fastship
        
	            (13071
	                    )
            
99.9%
											 
										
											
											Sign up for newsletter
									
								
									
										Visit Store: &nbsp;
										easybuy-fastship
									
								
							
							
								
								
								
						
						 
					
				
			
				<table>
	<tr>
		<td>
			
.container
{
width:961px;
margin:0 auto;
font-size:16px;
line-height:1.5 !important;
}
.container br
{
line-height:1.5 !important;
}
.centered
{
margin: 0 auto;
width:100%;
text-align:center;
line-height:1.5 !important;
}
.etable
{
background-color:#EAD5A8;
font-size:15px;
line-height:1.5 !important;
}
.etable td
{
vertical-align:top;
width:50%;
padding-left:7px;
padding-top:5px;
padding-bottom:5px;
padding-right:5px;
font-family:Arial,Helvetica,sans-serif !important;
line-height:1.5 !important;
}
.etable td:nth-of-type(odd)
{
padding-left:20px;
}
.container p
{
text-align:justify;
margin:0 0 10px 0 !important;
padding:0 !important;
font-family:Arial,Helvetica,sans-serif !important;
line-height:1.5 !important;
}
.container strong
{
font-family:Arial,Helvetica,sans-serif !important;
font-size:17px;
line-height:1.5 !important;
}
.container h1
{
margin:0 !important;
padding:0 !important;
font-family:Arial,Helvetica,sans-serif !important;
line-height:1.5 !important;
font-weight:bold !important;
font-size:2em !important;
}
.container ul
{
margin:0;
padding:0;
}
.container li
{
margin-left:30px;
font-family:Arial,Helvetica,sans-serif !important;
line-height:1.5 !important;
margin-bottom:10px;
padding:0
}
.boldcclass
{
line-height:1.5 !important;
padding:10px 0 5px !important;
margin:0 !important;
}
.boldcclass strong
{
font-size:19px !important;
}



</td></tr></table>"
126,711158585,4.0,0.0,http://thumbs2.ebaystatic.com/d/l225/m/mmBU-kjrbUcxhCOCm3VxzXA.jpg,http://www.ebay.com/itm/Cosco-Slim-Fold-High-Chair-Kontiki-Free-Shipping-New-/111574143365?pt=LH_DefaultDomain_0&hash=item19fa565185,$45.35 ,"Cosco Slim Fold High Chair, Kontiki, Free Shipping, New",high chairs,2,eBay,http://www.ebay.com/sch/i.html?_from=R40&_trksid=p2050601.m570.l1313.TR11.TRC1.A0.H0.Xplant.TRS0&_nkw=high%20chairs,
150,711158609,3.67,0.47100000000000003,http://thumbs2.ebaystatic.com/d/l225/m/mfXqFpxS_h3iA5SrHI8UvnA.jpg,http://www.ebay.com/itm/Luminesce-Advance-Night-Repair-Cream-Jeunesse-Face-Mosturizer-30-ml-1oz-Wrinkle-/261847956817?pt=LH_DefaultDomain_0&hash=item3cf75abd51,$37.99 ,Luminesce Advance Night  Repair Cream Jeunesse Face Mosturizer 30 ml 1oz Wrinkle,face cream,1,eBay,http://www.ebay.com/sch/i.html?_from=R40&_trksid=p2050601.m570.l1313.TR11.TRC1.A0.H0.Xplant.TRS0&_nkw=face%20cream,
151,711158610,4.0,0.0,http://thumbs1.ebaystatic.com/d/l225/m/m0ULqNMsF6LUHIx5zPPmnuQ.jpg,http://www.ebay.com/itm/Luminesce-Daily-Moisturizing-Complex-Cream-SPF30-Jeunesse-Face-Anti-Aging-NEW-/261867641288?pt=LH_DefaultDomain_0&hash=item3cf88719c8,$19.99 ,Luminesce Daily Moisturizing Complex Cream SPF30 Jeunesse Face Anti-Aging NEW,face cream,2,eBay,http://www.ebay.com/sch/i.html?_from=R40&_trksid=p2050601.m570.l1313.TR11.TRC1.A0.H0.Xplant.TRS0&_nkw=face%20cream,
175,711158634,3.33,0.943,http://thumbs1.ebaystatic.com/d/l225/m/mExKLk0VWYm0AStEmxpmbFg.jpg,http://www.ebay.com/itm/MENS-NWT-VINTAGE-REEBOK-BRETT-FAVRE-NEW-YORK-JETS-TITANS-JERSEY-SIZE-XL-/321728709028?pt=LH_DefaultDomain_0&hash=item4ae88681a4,$19.99 ,MEN'S NWT VINTAGE REEBOK BRETT FAVRE NEW YORK JETS TITANS JERSEY SIZE XL,Brett Favre NY Titans jersey blue,1,eBay,http://www.ebay.com/sch/i.html?_from=R40&_trksid=p2050601.m570.l1313.TR11.TRC1.A0.H0.Xplant.TRS0&_nkw=Brett%20Favre%20NY%20Titans%20jersey%20blue,
176,711158635,2.2,0.748,http://thumbs1.ebaystatic.com/d/l225/m/m0JlOy7fYr9t2Z7QurKr31g.jpg,http://www.ebay.com/itm/Reebok-NFL-Equipment-NY-Jets-Brett-Favre-Green-Stitched-Football-Jersey-Size-S-/311342751216?pt=LH_DefaultDomain_0&hash=item487d795df0,$8.99 ,Reebok NFL Equipment NY Jets Brett Favre Green Stitched Football Jersey Size S,Brett Favre NY Titans jersey blue,2,eBay,http://www.ebay.com/sch/i.html?_from=R40&_trksid=p2050601.m570.l1313.TR11.TRC1.A0.H0.Xplant.TRS0&_nkw=Brett%20Favre%20NY%20Titans%20jersey%20blue,
200,711158659,4.0,0.0,http://thumbs4.ebaystatic.com/d/l225/m/mzH4DeJ_vo6TU3VX_VQMCZg.jpg,http://www.ebay.com/itm/7-Color-Ultrasonic-Home-Aroma-Humidifier-Air-Diffuser-Purifier-Lonizer-Atomizer-/321658769243?pt=LH_DefaultDomain_0&hash=item4ae45b4f5b,$19.89 ,7 Color Ultrasonic Home Aroma Humidifier Air Diffuser Purifier Lonizer Atomizer,aroma diffuser,1,eBay,http://www.ebay.com/sch/i.html?_from=R40&_trksid=p2050601.m570.l1313.TR11.TRC1.A0.H0.Xplant.TRS0&_nkw=aroma%20diffuser,
201,711158660,4.0,0.0,http://thumbs2.ebaystatic.com/d/l225/m/mySQZocVLyJwf5lX0DC6qtg.jpg,http://www.ebay.com/itm/Ultrasonic-Mini-LED-USB-Essential-Oil-Air-Humidifier-Aromatherapy-Aroma-Diffuser-/181644194857?pt=LH_DefaultDomain_0&hash=item2a4ad67429,$21.88 ,Ultrasonic Mini LED USB Essential Oil Air Humidifier Aromatherapy Aroma Diffuser,aroma diffuser,2,eBay,http://www.ebay.com/sch/i.html?_from=R40&_trksid=p2050601.m570.l1313.TR11.TRC1.A0.H0.Xplant.TRS0&_nkw=aroma%20diffuser,
225,711158684,4.0,0.0,http://thumbs3.ebaystatic.com/d/l225/m/mqJZ9p8wNoXLDj7CBPyufxg.jpg,http://www.ebay.com/itm/The-Hobbit-An-Unexpected-Journey-Extended-Edition-3D-Blu-Ray-2D-Blu-ray-DVD-/361187125486?pt=LH_DefaultDomain_0&hash=item54186e28ee,$41.68 ,The Hobbit-An Unexpected Journey Extended Edition (3D Blu-Ray + 2D Blu-ray + DVD,Bluray Hobbit extended,1,eBay,http://www.ebay.com/sch/i.html?_from=R40&_trksid=p2050601.m570.l1313.TR11.TRC1.A0.H0.Xplant.TRS0&_nkw=Bluray%20Hobbit%20extended,
226,711158685,2.0,0.0,http://thumbs3.ebaystatic.com/d/l225/m/mZH_SEF76lgnOPCsOPCf5tg.jpg,http://www.ebay.com/itm/The-Hobbit-The-Desolation-of-Smaug-Extended-Edition-Blu-Ray-3-Disc-NEW-/121617596002?pt=LH_DefaultDomain_0&hash=item1c50f93e62,$27.95 ,The Hobbit: The Desolation of Smaug Extended Edition (Blu-Ray/3 Disc) NEW,Bluray Hobbit extended,2,eBay,http://www.ebay.com/sch/i.html?_from=R40&_trksid=p2050601.m570.l1313.TR11.TRC1.A0.H0.Xplant.TRS0&_nkw=Bluray%20Hobbit%20extended,
250,711158709,3.67,0.47100000000000003,http://thumbs3.ebaystatic.com/d/l225/m/mlsyoFbUs0Pt4rJnp7-wESQ.jpg,http://www.ebay.com/itm/Corelle-Plain-White-Dinner-Plate-10-1-4-Set-of-2-/271848895510?pt=LH_DefaultDomain_0&hash=item3f4b74f416,$6.99 ,"Corelle Plain White Dinner Plate 10 1/4 Set of 2""",white plain dinner set,1,eBay,http://www.ebay.com/sch/i.html?_from=R40&_trksid=p2050601.m570.l1313.TR11.TRC1.A0.H0.Xplant.TRS0&_nkw=white%20plain%20dinner%20set,
251,711158710,1.6,0.8,http://thumbs2.ebaystatic.com/d/l225/m/m-T1NYumfvEuoq97mC8wwpg.jpg,http://www.ebay.com/itm/New-Set-of-6-White-Plain-Kitchen-Placemats-Place-Mats-Dinner-Table-Decor-Party-/131491899929?pt=LH_DefaultDomain_15&hash=item1e9d872a19,$11.70 ,New Set of 6 White Plain Kitchen Placemats Place Mats Dinner Table Decor Party,white plain dinner set,2,eBay,http://www.ebay.com/sch/i.html?_from=R40&_trksid=p2050601.m570.l1313.TR11.TRC1.A0.H0.Xplant.TRS0&_nkw=white%20plain%20dinner%20set,
275,711158734,4.0,0.0,http://thumbs2.ebaystatic.com/d/l225/m/m2f9XNNCjYSQtH0sPoH5IOg.jpg,http://www.ebay.com/itm/Graco-Ready2Grow-Classic-Connect-LX-Double-Stroller-Fiji-/141630799817?pt=LH_DefaultDomain_0&hash=item20f9da7fc9,$138.29 ,"Graco Ready2Grow Classic Connect LX Double Stroller, Fiji",double stroller,1,eBay,http://www.ebay.com/sch/i.html?_from=R40&_trksid=p2050601.m570.l1313.TR11.TRC1.A0.H0.Xplant.TRS0&_nkw=double%20stroller,
276,711158735,4.0,0.0,http://thumbs3.ebaystatic.com/d/l225/m/mKqrlEpeqlXc-xrEPNrXoew.jpg,http://www.ebay.com/itm/BABY-TREND-Expedition-Double-Jogging-Stroller-Swivel-Skylar-DJ96045-/231538449510?pt=LH_DefaultDomain_0&hash=item35e8c45c66,$189.00 ,BABY TREND Expedition Double Jogging Stroller Swivel - Skylar | DJ96045,double stroller,2,eBay,http://www.ebay.com/sch/i.html?_from=R40&_trksid=p2050601.m570.l1313.TR11.TRC1.A0.H0.Xplant.TRS0&_nkw=double%20stroller,
300,711158759,3.2,0.748,http://thumbs1.ebaystatic.com/d/l225/m/m1ddZg95Zkjyy-ZUkULYDAQ.jpg,http://www.ebay.com/itm/Vanilla-Tahitian-10ml-bottle-PERFUME-BODY-OIL-Strong-Scented-FRAGRANCE-/360623374700?pt=LH_DefaultDomain_0&hash=item53f6d4016c,$3.99 ,Vanilla Tahitian ~10ml bottle PERFUME BODY OIL Strong Scented FRAGRANCE,Vanilla Scented Perfumes,1,eBay,http://www.ebay.com/sch/i.html?_from=R40&_trksid=p2050601.m570.l1313.TR11.TRC1.A0.H0.Xplant.TRS0&_nkw=Vanilla%20Scented%20Perfumes,
301,711158760,3.67,0.47100000000000003,http://thumbs2.ebaystatic.com/d/l225/m/m1ddZg95Zkjyy-ZUkULYDAQ.jpg,http://www.ebay.com/itm/Patchouli-Vanilla-10ml-bottle-PERFUME-BODY-OIL-Strong-Scented-FRAGRANCE-/380607708853?pt=LH_DefaultDomain_0&hash=item589dfcbeb5,$3.99 ,Patchouli Vanilla~10ml bottle PERFUME BODY OIL Strong Scented FRAGRANCE,Vanilla Scented Perfumes,2,eBay,http://www.ebay.com/sch/i.html?_from=R40&_trksid=p2050601.m570.l1313.TR11.TRC1.A0.H0.Xplant.TRS0&_nkw=Vanilla%20Scented%20Perfumes,
324,711158784,4.0,0.0,http://thumbs3.ebaystatic.com/d/l225/m/mNlcH_0xV0UXYcP87pHJBpQ.jpg,http://www.ebay.com/itm/2-4GHz-Red-Wireless-Optical-Mouse-Mice-USB-Receiver-for-PC-Laptop-Macbook-/370901559970?pt=LH_DefaultDomain_0&hash=item565b74aaa2,$6.89 ,2.4GHz Red Wireless Optical Mouse Mice + USB Receiver for PC Laptop Macbook,wireless mouse,1,eBay,http://www.ebay.com/sch/i.html?_from=R40&_trksid=p2050601.m570.l1313.TR11.TRC1.A0.H0.Xplant.TRS0&_nkw=wireless%20mouse,
325,711158785,3.67,0.47100000000000003,http://thumbs4.ebaystatic.com/d/l225/m/mZZbQHx1xN9BF7ma50Hl3lw.jpg,http://www.ebay.com/itm/2-4GHz-High-Quality-Wireless-Optical-Mouse-Mice-USB-2-0-Receiver-for-PC-Laptop-/301561054295?pt=LH_DefaultDomain_0&hash=item4636708457,$6.95 ,2.4GHz High Quality Wireless Optical Mouse/Mice + USB 2.0 Receiver for PC Laptop,wireless mouse,2,eBay,http://www.ebay.com/sch/i.html?_from=R40&_trksid=p2050601.m570.l1313.TR11.TRC1.A0.H0.Xplant.TRS0&_nkw=wireless%20mouse,
349,711158809,3.0,0.0,http://thumbs4.ebaystatic.com/d/l225/m/mmXuzSvdvEwy0G9aLpIM3WQ.jpg,http://www.ebay.com/itm/Spider-Man-IN-HAND-Marvel-Legends-Infinite-Series-Hobgoblin-BAF-Spiderman-/231535381351?pt=LH_DefaultDomain_0&hash=item35e8958b67,$18.95 ,Spider-Man IN HAND Marvel Legends Infinite Series Hobgoblin BAF Spiderman,spiderman,1,eBay,http://www.ebay.com/sch/i.html?_from=R40&_trksid=p2050601.m570.l1313.TR11.TRC1.A0.H0.Xplant.TRS0&_nkw=spiderman,
350,711158810,2.33,0.943,http://thumbs1.ebaystatic.com/d/l225/m/mZ-WQPDkjaaoXlvUdh71yTg.jpg,http://www.ebay.com/itm/VENOM-MARVEL-SUPER-HEROES-SPIDER-MAN-TOYBIZ-1991-MOC-5-INCH-/321732073360?pt=LH_DefaultDomain_0&hash=item4ae8b9d790,$5.95 ,VENOM  MARVEL SUPER HEROES SPIDER-MAN TOYBIZ 1991 MOC 5 INCH,spiderman,2,eBay,http://www.ebay.com/sch/i.html?_from=R40&_trksid=p2050601.m570.l1313.TR11.TRC1.A0.H0.Xplant.TRS0&_nkw=spiderman,
374,711158834,4.0,0.0,http://thumbs3.ebaystatic.com/d/l225/m/mLoIgaxmMLtJXgIiZeZCwqQ.jpg,http://www.ebay.com/itm/English-Roses-Bedding-Quilt-Bedspread-Coverlet-3-Piece-Reversible-King-Set-/321713944878?pt=LH_DefaultDomain_0&hash=item4ae7a5392e,$41.95 ,English Roses Bedding Quilt Bedspread Coverlet 3 Piece Reversible King Set,bedspreads,1,eBay,http://www.ebay.com/sch/i.html?_from=R40&_trksid=p2050601.m570.l1313.TR11.TRC1.A0.H0.Xplant.TRS0&_nkw=bedspreads,
375,711158835,3.67,0.47100000000000003,http://thumbs3.ebaystatic.com/d/l225/m/mLoIgaxmMLtJXgIiZeZCwqQ.jpg,http://www.ebay.com/itm/English-Roses-Bedding-Quilt-Bedspread-Coverlet-3-PC-Reversible-Full-Queen-Set-/221736577322?pt=LH_DefaultDomain_0&hash=item33a087a92a,$39.95 ,English Roses Bedding Quilt Bedspread Coverlet 3 PC Reversible Full Queen Set,bedspreads,2,eBay,http://www.ebay.com/sch/i.html?_from=R40&_trksid=p2050601.m570.l1313.TR11.TRC1.A0.H0.Xplant.TRS0&_nkw=bedspreads,
399,711158859,3.33,0.47100000000000003,http://thumbs2.ebaystatic.com/d/l225/pict/390456316349_50.jpg,http://www.ebay.com/itm/Modern-Indoor-Cushion-Kitchen-Rug-Anti-Fatigue-Floor-Mat-Actual-24-x-36-/390456316349?pt=LH_DefaultDomain_0&var=&hash=item5ae90291bd,$28.99 ,"Modern Indoor Cushion Kitchen Rug Anti-Fatigue Floor Mat - Actual 24 x 36""""",kitchen rugs,1,eBay,http://www.ebay.com/sch/i.html?_from=R40&_trksid=p2050601.m570.l1313.TR11.TRC1.A0.H0.Xplant.TRS0&_nkw=kitchen%20rugs,
400,711158860,3.67,0.47100000000000003,http://thumbs2.ebaystatic.com/d/l225/m/mOuKaRTx9_1GbLHpnj7qjuw.jpg,http://www.ebay.com/itm/Memory-Foam-Anti-Fatigue-Chef-Design-Kitchen-Floor-Mat-Rug-30-x-18-Utensils-/181650723381?pt=LH_DefaultDomain_0&hash=item2a4b3a1235,$26.99 ,"Memory Foam Anti Fatigue Chef Design Kitchen Floor Mat Rug 30 x 18"" Utensils""",kitchen rugs,2,eBay,http://www.ebay.com/sch/i.html?_from=R40&_trksid=p2050601.m570.l1313.TR11.TRC1.A0.H0.Xplant.TRS0&_nkw=kitchen%20rugs,"eBay item number:181650723381


	Seller assumes all responsibility for this listing.
	
		Last updated on
		&nbsp;Apr 28, 2015 11:39:55 PDT&nbsp;
		View all revisions
		
	

		
			
					<strong>Item specifics</strong>
					<table>
						
						<tr>
									<td>
									 			Condition:</td>
											 
											<td>
												
																	
															
															
															
																New with tags: A brand-new, unused, and unworn item (including handmade items) in the original packaging (such as 
																
																			the original box or bag) and/or with the original tags attached.
																					See all condition definitions<strong>- opens in a new window or tab</strong>
																			
																		
																		
																		
																			... Read more<strong>about the condition</strong>	
																		
																	
															
														
													</td>
										<td>
									 			UPC: </td>
											 
											<td>
												<strong>642049064577</strong></td>
										</tr>
							<tr>
									<td>
									 			New: </td>
											 
											<td>
												1000</td>
										</tr>
							
							</table>
						
					
			
	
				
		
				<table>
	<tr>
		<td>
			






























<strong>Memory Foam Anti Fatigue Chef Design Kitchen Floor Mat Rug 30"" x 18"" Utensils</strong>



































<p>Kitchen mats can help keep your floor clean and they can add a little rustic charm to the ol&#39; homestead.</p>

<p>These Memory Foam Anti-Fatigue Chef Design Kitchen Floor Mats do just that, but they&#39;re also comfy to stand on.</p>

<p>They&#39;re made of memory foam with a vinyl cover and are available in a wide variety of different country styles.</p>

<p>Add a little rural beauty to your kitchen with this practical floor mat!</p>

<strong>Features:</strong>

<ul>
 <li>Anti-Fatigue For Standing Comfort</li>
 <li>Easy Care</li>
 <li>Wipe Clean</li>
 <li>Measures 18&quot;&nbsp;by 30&quot;</li>
 <li>Durable Construction</li>
 <li>100% Vinyl Cover</li>
</ul>

<strong>Design:</strong>

<ul>

 <li>French Utensils</li>

</ul>



































<strong>Shipping</strong>
<p><strong>What Separates Our Shipping?</strong></p>
<p>We understand that an large part of customer service depends on quickly and efficiently shipping orders. For that reason we have incorporated a special software that integrates our inventory and fulfillment in one central location.&nbsp;</p>
<p>As we continue to add items to our catalog our software will make ensure that all listings, new or old, remain up to date with our active listings. Since we know you don't have time to waste, virtually all orders are shipped within one business day.&nbsp;</p>
<p>&nbsp;</p>

<strong>Payment</strong>
<strong>Payment Requirements </strong>
<p>
In order for your order to be submitted and fulfilled, we will need to verify your payment. Please confirm your payment via Paypal or by any means that are in line with eBay policies. Upon receiving payment confirmation we will do our best to ship your order within one business day. We thank you for your cooperation and we hope to make this process quick and easy one.</p>
<p>&nbsp;</p>

<strong>Returns</strong>
<p>OUR STORE POLICIES</p>
<p>We offer a FREE standard shipping policy for all orders. After receiving an order, we ask that customers contact us within 30 days- if any item needs to be returned or replaced for whatever reason we will be happy to assist you. The quicker you can inform us about your order, the quicker we will be able to resolve the problem.</p>
<p>For most cases, we are prepared to offer money back or item exchange, as per to request of our customer. The buyer pays for return shipping.</p>

<strong>About Us</strong>
<p><strong>Sweet Home Deals</strong></p>
<p><strong>What We&rsquo;re About</strong></p>
<p>Our mission is simple: to help you create the bedroom and bathroom of your dreams with the highest quality bed and bath accessories. That was our focus when we opened our family-owned business in 1995, and it remains our number-one priority today.</p>
<p><strong>A Different Approach</strong></p>
<p>Our unwavering commitment to quality starts at the very beginning, when our products are made. Since we manufacture nearly everything we sell, we&rsquo;re able to insist on using only the best designs and materials. And since we've cut out the middle man, we can accommodate retail and wholesale customers, domestic and international orders, all while keeping prices reasonable.</p>
<p><strong>Unmatched Selection</strong></p>
<p>Whether you&rsquo;re shopping for luxury bedding and alternative down comforters or designer shower curtains and bath rugs, we&rsquo;ve got you covered. Our large inventory is constantly growing, so we have something to fit every sense of style. </p>
<p><strong>Unparalleled Customer Service</strong></p>
<p>We want you to be 100 percent satisfied with your purchases, and we pride ourselves on offering the best customer service in the business. Whether you&rsquo;re calling with a simple question or telling us about your experience with one of our products, we strive to give each and every customer an efficient, personal experience. And since we know you don&rsquo;t have time to waste, virtually all orders are shipped within one business day.</p>
<p><strong>&nbsp;</strong></p>
<p><strong>Our Hometown</strong></p>
<p>Our headquarters are in Brooklyn, New York, in the heart of a thriving arts and culture neighborhood. On every corner you&rsquo;ll find artisans and designers who, like us, are passionate about what they do. It&rsquo;s this environment that helps inspire us to continue innovating and creating.</p>






&nbsp;








<br>
<table><tr><td></td></tr><tr><td></td></tr></table>
		</br></td>
	</tr>
</table>


				
	
		<strong>Questions and answers about this item</strong>
		
	
	
		No questions or answers have been posted about this item.
	
		Ask a question<strong> - opens in a new window or tab</strong>
				


	<br/><br/><br/><br/>
	
		
        

                
                
                    
	Seller assumes all responsibility for this listing.
	        		
		
				
					
						
					
								
									<strong>
												Shipping and handling</strong>
										
								
									
									This item will ship to <strong> United States</strong>, but the seller has not specified shipping options. Contact the seller<strong>- opens in a new window or tab</strong> and request a shipping method to your location.
								
									
									Shipping cost cannot be calculated. Please enter a valid ZIP Code.
								
									
									
									 
									 
											Item location: Brooklyn, New York, United States								
										
										

		
			Shipping to: United States, Canada, United Kingdom, China, Mexico, Germany, Japan, Brazil, France, Australia, Russian Federation, Denmark, Romania, Slovakia, Bulgaria, Czech Republic, Finland, Hungary, Latvia, Lithuania, Malta, Estonia, Greece, Portugal, Cyprus, Slovenia, Sweden, Korea, South, Indonesia, Taiwan, South Africa, Thailand, Belgium, Hong Kong, Ireland, Netherlands, Poland, Spain, Italy, Austria, Israel, New Zealand, Philippines, Singapore, Switzerland, Norway, Saudi Arabia, Ukraine, United Arab Emirates, Qatar, Kuwait, Bahrain, Croatia, Republic of, Malaysia, Turkey, Guatemala, El Salvador, Honduras, Jamaica
		
	
		
				Excludes: Alaska/Hawaii, US Protectorates, APO/FPO, Greenland, Bermuda, Saint Pierre and Miquelon, Iceland, Macedonia, Liechtenstein, Jersey, Montenegro, Svalbard and Jan Mayen, Bosnia and Herzegovina, Vatican City State, San Marino, Belarus, Albania, Monaco, Guernsey, Moldova, Gibraltar, Andorra, Serbia, Luxembourg, Gambia, Mayotte, Kenya, Guinea-Bissau, Togo, Senegal, Burundi, Equatorial Guinea, Algeria, Benin, Swaziland, Tanzania, Burkina Faso, Reunion, Djibouti, Mali, Botswana, Saint Helena, Rwanda, Seychelles, Zimbabwe, Gabon Republic, CÃÂÃÂ«te d'Ivoire (Ivory Coast), Angola, Mozambique, Namibia, Sierra Leone, Cameroon, Eritrea, Morocco, Mauritania, Congo, Democratic Republic of the, Western Sahara, Congo, Republic of the, Comoros, Zambia, Somalia, Ethiopia, Niger, Ghana, Cape Verde Islands, Madagascar, Liberia, Libya, Central African Republic, Lesotho, Nigeria, Mauritius, Guinea, Chad, Malawi, Tunisia, Uganda, Egypt, Suriname, Argentina, Falkland Islands (Islas Malvinas), Chile, Paraguay, Peru, French Guiana, Guyana, Uruguay, Colombia, Ecuador, Venezuela, Bolivia, Cambodia, Vietnam, Macau, Laos, Brunei Darussalam, Armenia, Bhutan, Uzbekistan, Pakistan, Kyrgyzstan, Tajikistan, Bangladesh, Sri Lanka, Turkmenistan, Afghanistan, Mongolia, Nepal, Azerbaijan Republic, Georgia, Maldives, India, Kazakhstan, Oman, Iraq, Yemen, Lebanon, Jordan, Guadeloupe, Aruba, Antigua and Barbuda, Panama, Puerto Rico, Cayman Islands, Grenada, Haiti, Bahamas, Dominica, Anguilla, Dominican Republic, Saint Kitts-Nevis, Saint Vincent and the Grenadines, Belize, Montserrat, Martinique, Saint Lucia, British Virgin Islands, Turks and Caicos Islands, Costa Rica, Netherlands Antilles, Trinidad and Tobago, Nicaragua, Barbados, Virgin Islands (U.S.), Fiji, Papua New Guinea, Marshall Islands, Wallis and Futuna, American Samoa, Kiribati, Western Samoa, Solomon Islands, Nauru, Guam, Micronesia, Tonga, New Caledonia, French Polynesia, Cook Islands, Vanuatu, Palau, Tuvalu, Niue
		
	
		
		

		
			
		
		
			No additional import charges at delivery!
			
				This item will be shipped through the Global Shipping Program and includes international tracking. Learn more<strong>- opens in a new window or tab</strong>
					
		

						



									
	<table>
			<tbody>
				<tr>
					<td>
						
							
							Change country:
							
								-Select-
								Australia
									Austria
									Bahrain
									Belgium
									Brazil
									Bulgaria
									Canada
									China
									Croatia, Republic of
									Cyprus
									Czech Republic
									Denmark
									El Salvador
									Estonia
									Finland
									France
									Germany
									Greece
									Guatemala
									Honduras
									Hong Kong
									Hungary
									Indonesia
									Ireland
									Israel
									Italy
									Jamaica
									Japan
									Korea, South
									Kuwait
									Latvia
									Lithuania
									Malaysia
									Malta
									Mexico
									Netherlands
									New Zealand
									Norway
									Philippines
									Poland
									Portugal
									Qatar
									Romania
									Russian Federation
									Saudi Arabia
									Singapore
									Slovakia
									Slovenia
									South Africa
									Spain
									Sweden
									Switzerland
									Taiwan
									Thailand
									Turkey
									Ukraine
									United Arab Emirates
									United Kingdom
									United States
									
							
						There are 0 items available. Please enter a number less than or equal to 0.
						Select a valid country.
					</td>
					<td>
						
							 										
							ZIP Code:
							
								
							
							Please enter a valid ZIP Code.
							Please enter 5 or 9 numbers for the ZIP Code.
						
						
							
						
					</td>
				</tr>
			</tbody>
		</table>
	
	
											
												
 
										
								
								
		<table>
			
				<tr>
					<th>
							
								Handling time
						</th>
					<th>
							Estimated sales tax
						</th>
					</tr>
			
			<tbody>
				<tr>
					<td>
							Will usually ship within 1 business day of receiving cleared payment<strong> - opens in a new window or tab</strong>.
						</td>
					<td>
							Seller charges sales tax for items shipped to: NY*(8.825%).
							* Tax applies to subtotal + S&amp;H for these states only
							</td>
					</tr>
			</tbody>
		</table>
	

								
								
									
						
			
	        	
	        	
		        	
			        		
	
	
		
			<strong>
				Return policy</strong>
			
			To qualify for a hassle-free return, you must pay with PayPal and have the item shipped to a US address. The item must be returned in the same condition it was received. See terms and conditions<strong> - opens in a new window or tab</strong>.						
				
		
		<table>
			<tr>
					<th>
							
								After receiving the item, open a return within		
						</th>
						
						<th>
								Refund will be given as
							</th>							
						<th>
									Return shipping
									  </th>								
							</tr>
			
			<tr>
			
					<td>
							
								30 days		
						</td>
						
						<td>
								
											Money back									
									</td>							
						<td>
									You pay return shipping
												</td>								
							</tr>
		</table>
	<table>
			</table>
		
		<br/>
				<table>
					</table>
				
				
	
	

		        		
				
				
				  
			
				
					<strong>Payment details</strong>
					
										<table>
											
												<tr>
													<th>Payment method</th>
													<th>Preferred / Accepted</th>
															<th>&nbsp;</th>
												</tr>
											
											<tbody>
												<tr>
													<td>
																	
																		
																						
																</td>
															<td>
																
																PayPal Preferred
															</td>
														<td>
															&nbsp;</td>
													</tr>
													</tbody>
										</table>"
424,711158884,3.75,0.433,http://thumbs3.ebaystatic.com/d/l225/m/mc8LpSNGxLCR-sm4FD5XyYA.jpg,http://www.ebay.com/itm/New-Samsung-27-SD360-Series-S27D360H-White-High-Glossy-ToC-LED-W-HDMI-Monitor-/221754317962?pt=LH_DefaultDomain_0&hash=item33a1965c8a,$157.50 ,"New Samsung 27 SD360 Series S27D360H White High Glossy ToC LED W/ HDMI Monitor""",LED monitor,1,eBay,http://www.ebay.com/sch/i.html?_from=R40&_trksid=p2050601.m570.l1313.TR11.TRC1.A0.H0.Xplant.TRS0&_nkw=LED%20monitor,
425,711158885,4.0,0.0,http://thumbs2.ebaystatic.com/d/l225/m/mCSm1d5bN33objuFGRm10TA.jpg,http://www.ebay.com/itm/Dell-D2015H-20in-Ultra-Slim-LED-LCD-Monitor-Full-1080P-HD-W-VGA-VESA-/311253509025?pt=LH_DefaultDomain_0&hash=item487827a3a1,$99.99 ,Dell D2015H 20in Ultra Slim LED LCD Monitor Full 1080P HD W/ VGA & VESA,LED monitor,2,eBay,http://www.ebay.com/sch/i.html?_from=R40&_trksid=p2050601.m570.l1313.TR11.TRC1.A0.H0.Xplant.TRS0&_nkw=LED%20monitor,
449,711158909,2.33,0.943,http://thumbs3.ebaystatic.com/d/l225/m/makvmch-JaFWzV9JRaCfFMg.jpg,http://www.ebay.com/itm/PS1-PS2-PSX-to-PC-USB-Dual-Controller-Adapter-Converter-/170854914674?pt=LH_DefaultDomain_0&hash=item27c7bf1a72,$5.48 ,PS1 PS2 PSX to PC USB Dual Controller Adapter Converter,PS2 controller USB,1,eBay,http://www.ebay.com/sch/i.html?_from=R40&_trksid=p2050601.m570.l1313.TR11.TRC1.A0.H0.Xplant.TRS0&_nkw=PS2%20controller%20USB,"International Buyers &#8211; Please Note: <br>a. Import duties, taxes and charges are not included in the item price or shipping charges. These charges are the buyer&#8217;s responsibility.<br>b. Please check with your country&#8217;s customs office to determine what these additional costs will be prior to bidding/buying.</br></br>"
450,711158910,3.33,0.47100000000000003,http://thumbs2.ebaystatic.com/d/l225/m/m6xboMgrXDVO-Q5ZHNNZU8g.jpg,http://www.ebay.com/itm/PS1-PS2-To-PC-USB-Game-Controller-Converter-Adapter-New-/190427505173?pt=LH_DefaultDomain_0&hash=item2c565d2215,$4.49 ,PS1 PS2 To PC USB Game Controller Converter Adapter New,PS2 controller USB,2,eBay,http://www.ebay.com/sch/i.html?_from=R40&_trksid=p2050601.m570.l1313.TR11.TRC1.A0.H0.Xplant.TRS0&_nkw=PS2%20controller%20USB,
474,711158934,3.0,1.4140000000000001,http://thumbs1.ebaystatic.com/d/l225/m/mtDqZxnPtG1KWb_rVNfQEQw.jpg,http://www.ebay.com/itm/Glyph-GT050Q-Hard-Drive-500GB-/231538514616?pt=LH_DefaultDomain_0&hash=item35e8c55ab8,$39.00 ,Glyph GT050Q Hard Drive 500GB,extenal hardisk 500 gb,1,eBay,http://www.ebay.com/sch/i.html?_from=R40&_trksid=p2050601.m570.l1313.TR11.TRC1.A0.H0.Xplant.TRS0&_nkw=extenal%20hardisk%20500%20gb,
475,711158935,4.0,0.0,http://thumbs1.ebaystatic.com/d/l225/m/mQJjRpFHzyoX0q040PcRzHA.jpg,http://www.ebay.com/itm/CAVALRY-USB-EXTERNAL-PORTABLE-HARD-DRIVE-500-GB-BLACK-MODEL-CAUG25500B-/171766597928?pt=LH_DefaultDomain_0&hash=item27fe164928,$15.50 ,CAVALRY USB EXTERNAL PORTABLE HARD DRIVE (500 GB) BLACK - MODEL CAUG25500B,extenal hardisk 500 gb,2,eBay,http://www.ebay.com/sch/i.html?_from=R40&_trksid=p2050601.m570.l1313.TR11.TRC1.A0.H0.Xplant.TRS0&_nkw=extenal%20hardisk%20500%20gb,
499,711158959,4.0,0.0,http://thumbs1.ebaystatic.com/d/l225/m/mr3X8xK02OVvCy1Fsu-zS_w.jpg,http://www.ebay.com/itm/IBM-ThinkPad-LENOVO-T61-LAPTOP-2-0-GHz-2GB-80-GB-14-1-WIN-7-64bit-CDRW-DVD-WiFi-/310950500724?pt=LH_DefaultDomain_0&hash=item4866181974,$149.15 ,"IBM ThinkPad LENOVO T61 LAPTOP 2.0 GHz 2GB 80 GB 14.1 WIN 7 64bit CDRW/DVD WiFi""",laptop lenovo,1,eBay,http://www.ebay.com/sch/i.html?_from=R40&_trksid=p2050601.m570.l1313.TR11.TRC1.A0.H0.Xplant.TRS0&_nkw=laptop%20lenovo,"eBay item number:310950500724


	Seller assumes all responsibility for this listing.
	
		Last updated on
		&nbsp;May 02, 2015 08:05:57 PDT&nbsp;
		View all revisions
		
	

		
			
					<strong>Item specifics</strong>
					<table>
		<tr>
	     		<th>Condition:</th>
	     		<td><strong>Manufacturer refurbished</strong>
	     		<strong>:</strong>
	     			
						
							</td></tr></table>"
